KH001,Nguyen,An,0912345678,an.nguyen@gmail.com
KH002,Tran,Binh,0987654321,binh.tran@gmail.com
KH003,Le,Chi,0905123456,chi.le@gmail.com
KH004,Pham,Dung,0934123789,dung.pham@gmail.com
KH005,Hoang,Giang,0978564321,giang.hoang@gmail.com
KH006,Do,Hoa,0943123456,hoa.do@gmail.com
KH007,Vu,Khang,0912789456,khang.vu@gmail.com
KH008,Nguyen,Lam,0967345123,lam.nguyen@gmail.com
KH009,Truong,Minh,0937456123,minh.truong@gmail.com
KH010,Phan,Nam,0989345123,nam.phan@gmail.com
